<?xml version="1.0" ?>
<CHAMPIONNAT DIVISION="1" SAISON="2003-2004">
<JOURNEE NUMERO="1" DATE="01/08/2003">
<RENCONTRE DOMICILE="Auxerre" EXTERIEUR="Nice" SCORED="1" SCOREE="2" />
<RENCONTRE DOMICILE="Guingamp" EXTERIEUR="Marseille" SCORED="0" SCOREE="1" />
<RENCONTRE DOMICILE="Lens" EXTERIEUR="LeMans" SCORED="0" SCOREE="0" />
<RENCONTRE DOMICILE="Lille" EXTERIEUR="Lyon" SCORED="1" SCOREE="0" />
<RENCONTRE DOMICILE="Metz" EXTERIEUR="Ajaccio" SCORED="0" SCOREE="1" />
<RENCONTRE DOMICILE="Monaco" EXTERIEUR="Bordeaux" SCORED="2" SCOREE="0" />
<RENCONTRE DOMICILE="Montpellier" EXTERIEUR="Rennes" SCORED="1" SCOREE="1" />
<RENCONTRE DOMICILE="ParisSG" EXTERIEUR="Bastia" SCORED="0" SCOREE="0" />
<RENCONTRE DOMICILE="Sochaux" EXTERIEUR="Nantes" SCORED="2" SCOREE="1" />
<RENCONTRE DOMICILE="Toulouse" EXTERIEUR="Strasbourg" SCORED="1" SCOREE="1" />
</JOURNEE>
<JOURNEE NUMERO="2" DATE="08/08/2003">
<RENCONTRE DOMICILE="Bastia" EXTERIEUR="Metz" SCORED="0" SCOREE="2" />
<RENCONTRE DOMICILE="Bordeaux" EXTERIEUR="Montpellier" SCORED="0" SCOREE="1" />
<RENCONTRE DOMICILE="LeMans" EXTERIEUR="Ajaccio" SCORED="0" SCOREE="1" />
<RENCONTRE DOMICILE="Lille" EXTERIEUR="ParisSG" SCORED="1" SCOREE="0" />
<RENCONTRE DOMICILE="Lyon" EXTERIEUR="Monaco" SCORED="3" SCOREE="1" />
<RENCONTRE DOMICILE="Marseille" EXTERIEUR="Auxerre" SCORED="1" SCOREE="0" />
<RENCONTRE DOMICILE="Nantes" EXTERIEUR="Lens" SCORED="2" SCOREE="0" />
<RENCONTRE DOMICILE="Nice" EXTERIEUR="Sochaux" SCORED="1" SCOREE="0" />
<RENCONTRE DOMICILE="Rennes" EXTERIEUR="Toulouse" SCORED="1" SCOREE="0" />
<RENCONTRE DOMICILE="Strasbourg" EXTERIEUR="Guingamp" SCORED="2" SCOREE="0" />
</JOURNEE>
<!-- Autres journées …. -->
</CHAMPIONNAT>