<CHAMPIONNAT DIVISION="1" SAISON="2003-2004">
    <JOURNEE NUMERO="1" DATE="01/08/2003">
    <RENCONTRE DOMICILE="Auxerre" EXTERIEUR="Nice" SCORED="1" SCOREE="2"/>
    <RENCONTRE DOMICILE="Guingamp" EXTERIEUR="Marseille" SCORED="0" SCOREE="1"/>
    <RENCONTRE DOMICILE="Lens" EXTERIEUR="LeMans" SCORED="0" SCOREE="0"/>
    <RENCONTRE DOMICILE="Lille" EXTERIEUR="Lyon" SCORED="1" SCOREE="0"/>
    <RENCONTRE DOMICILE="Metz" EXTERIEUR="Ajaccio" SCORED="0" SCOREE="1"/>
    <RENCONTRE DOMICILE="Monaco" EXTERIEUR="Bordeaux" SCORED="2" SCOREE="0"/>
    <RENCONTRE DOMICILE="Montpellier" EXTERIEUR="Rennes" SCORED="1" SCOREE="1"/>
    <RENCONTRE DOMICILE="ParisSG" EXTERIEUR="Bastia" SCORED="0" SCOREE="0"/>
    <RENCONTRE DOMICILE="Sochaux" EXTERIEUR="Nantes" SCORED="2" SCOREE="1"/>
    <RENCONTRE DOMICILE="Toulouse" EXTERIEUR="Strasbourg" SCORED="1" SCOREE="1"/>
    </JOURNEE>
    <!--  autres journées  -->
    <JOURNEE NUMERO="2" DATE="08/08/2003">
    <RENCONTRE DOMICILE="Bastia" EXTERIEUR="Metz" SCORED="0" SCOREE="2"/>
    <RENCONTRE DOMICILE="Bordeaux" EXTERIEUR="Montpellier" SCORED="0" SCOREE="1"/>
    <RENCONTRE DOMICILE="LeMans" EXTERIEUR="Ajaccio" SCORED="0" SCOREE="1"/>
    <RENCONTRE DOMICILE="Lille" EXTERIEUR="ParisSG" SCORED="1" SCOREE="0"/>
    <RENCONTRE DOMICILE="Lyon" EXTERIEUR="Monaco" SCORED="3" SCOREE="1"/>
    <RENCONTRE DOMICILE="Marseille" EXTERIEUR="Auxerre" SCORED="0" SCOREE="0"/>
    <RENCONTRE DOMICILE="Nantes" EXTERIEUR="Lens" SCORED="2" SCOREE="0"/>
    <RENCONTRE DOMICILE="Nice" EXTERIEUR="Sochaux" SCORED="1" SCOREE="0"/>
    <RENCONTRE DOMICILE="Rennes" EXTERIEUR="Toulouse" SCORED="1" SCOREE="0"/>
    <RENCONTRE DOMICILE="Strasbourg" EXTERIEUR="Guingamp" SCORED="2" SCOREE="0"/>
    </JOURNEE>
    <JOURNEE NUMERO="3" DATE="16/08/2003">
    <RENCONTRE DOMICILE="Ajaccio" EXTERIEUR="Nantes" SCORED="1" SCOREE="3"/>
    <RENCONTRE DOMICILE="Auxerre" EXTERIEUR="Strasbourg" SCORED="2" SCOREE="2"/>
    <RENCONTRE DOMICILE="Guingamp" EXTERIEUR="Bordeaux" SCORED="1" SCOREE="3"/>
    <RENCONTRE DOMICILE="LeMans" EXTERIEUR="Nice" SCORED="1" SCOREE="1"/>
    <RENCONTRE DOMICILE="Lens" EXTERIEUR="Marseille" SCORED="2" SCOREE="1"/>
    <RENCONTRE DOMICILE="Metz" EXTERIEUR="ParisSG" SCORED="0" SCOREE="1"/>
    <RENCONTRE DOMICILE="Monaco" EXTERIEUR="Bastia" SCORED="2" SCOREE="0"/>
    <RENCONTRE DOMICILE="Montpellier" EXTERIEUR="Lyon" SCORED="0" SCOREE="2"/>
    <RENCONTRE DOMICILE="Sochaux" EXTERIEUR="Rennes" SCORED="1" SCOREE="1"/>
    <RENCONTRE DOMICILE="Toulouse" EXTERIEUR="Lille" SCORED="0" SCOREE="3"/>
    </JOURNEE>
    <JOURNEE NUMERO="4" DATE="23/08/2003">
    <RENCONTRE DOMICILE="Bastia" EXTERIEUR="Montpellier" SCORED="1" SCOREE="0"/>
    <RENCONTRE DOMICILE="Bordeaux" EXTERIEUR="Auxerre" SCORED="1" SCOREE="0"/>
    <RENCONTRE DOMICILE="Lille" EXTERIEUR="Metz" SCORED="1" SCOREE="1"/>
    <RENCONTRE DOMICILE="Lyon" EXTERIEUR="Toulouse" SCORED="0" SCOREE="0"/>
    <RENCONTRE DOMICILE="Marseille" EXTERIEUR="Sochaux" SCORED="2" SCOREE="0"/>
    <RENCONTRE DOMICILE="Nantes" EXTERIEUR="LeMans" SCORED="1" SCOREE="0"/>
    <RENCONTRE DOMICILE="Nice" EXTERIEUR="Ajaccio" SCORED="2" SCOREE="2"/>
    <RENCONTRE DOMICILE="ParisSG" EXTERIEUR="Monaco" SCORED="2" SCOREE="4"/>
    <RENCONTRE DOMICILE="Rennes" EXTERIEUR="Guingamp" SCORED="0" SCOREE="0"/>
    <RENCONTRE DOMICILE="Strasbourg" EXTERIEUR="Lens" SCORED="0" SCOREE="1"/>
    </JOURNEE>
    <JOURNEE NUMERO="5" DATE="30/08/2003">
    <RENCONTRE DOMICILE="Ajaccio" EXTERIEUR="Marseille" SCORED="0" SCOREE="1"/>
    <RENCONTRE DOMICILE="Auxerre" EXTERIEUR="Rennes" SCORED="2" SCOREE="1"/>
    <RENCONTRE DOMICILE="Guingamp" EXTERIEUR="Lyon" SCORED="2" SCOREE="0"/>
    <RENCONTRE DOMICILE="LeMans" EXTERIEUR="Strasbourg" SCORED="0" SCOREE="3"/>
    <RENCONTRE DOMICILE="Lens" EXTERIEUR="Nice" SCORED="1" SCOREE="0"/>
    <RENCONTRE DOMICILE="Monaco" EXTERIEUR="Metz" SCORED="1" SCOREE="0"/>
    <RENCONTRE DOMICILE="Montpellier" EXTERIEUR="ParisSG" SCORED="3" SCOREE="2"/>
    <RENCONTRE DOMICILE="Nantes" EXTERIEUR="Bordeaux" SCORED="0" SCOREE="0"/>
    <RENCONTRE DOMICILE="Sochaux" EXTERIEUR="Lille" SCORED="2" SCOREE="1"/>
    <RENCONTRE DOMICILE="Toulouse" EXTERIEUR="Bastia" SCORED="0" SCOREE="2"/>
    </JOURNEE>
    <JOURNEE NUMERO="6" DATE="13/09/2003">
    <RENCONTRE DOMICILE="Bastia" EXTERIEUR="Guingamp" SCORED="4" SCOREE="2"/>
    <RENCONTRE DOMICILE="Bordeaux" EXTERIEUR="Sochaux" SCORED="1" SCOREE="3"/>
    <RENCONTRE DOMICILE="Lille" EXTERIEUR="Monaco" SCORED="1" SCOREE="1"/>
    <RENCONTRE DOMICILE="Lyon" EXTERIEUR="Auxerre" SCORED="1" SCOREE="1"/>
    <RENCONTRE DOMICILE="Marseille" EXTERIEUR="LeMans" SCORED="5" SCOREE="0"/>
    <RENCONTRE DOMICILE="Metz" EXTERIEUR="Montpellier" SCORED="2" SCOREE="1"/>
    <RENCONTRE DOMICILE="Nice" EXTERIEUR="Nantes" SCORED="1" SCOREE="0"/>
    <RENCONTRE DOMICILE="ParisSG" EXTERIEUR="Toulouse" SCORED="2" SCOREE="1"/>
    <RENCONTRE DOMICILE="Rennes" EXTERIEUR="Lens" SCORED="2" SCOREE="0"/>
    <RENCONTRE DOMICILE="Strasbourg" EXTERIEUR="Ajaccio" SCORED="3" SCOREE="2"/>
    </JOURNEE>
    <JOURNEE NUMERO="7" DATE="20/09/2003">
    <RENCONTRE DOMICILE="Ajaccio" EXTERIEUR="Rennes" SCORED="1" SCOREE="0"/>
    <RENCONTRE DOMICILE="Auxerre" EXTERIEUR="Bastia" SCORED="2" SCOREE="1"/>
    <RENCONTRE DOMICILE="Guingamp" EXTERIEUR="ParisSG" SCORED="0" SCOREE="2"/>
    <RENCONTRE DOMICILE="LeMans" EXTERIEUR="Lyon" SCORED="0" SCOREE="2"/>
    <RENCONTRE DOMICILE="Lens" EXTERIEUR="Bordeaux" SCORED="1" SCOREE="0"/>
    <RENCONTRE DOMICILE="Montpellier" EXTERIEUR="Monaco" SCORED="1" SCOREE="2"/>
    <RENCONTRE DOMICILE="Nantes" EXTERIEUR="Marseille" SCORED="1" SCOREE="0"/>
    <RENCONTRE DOMICILE="Nice" EXTERIEUR="Lille" SCORED="2" SCOREE="0"/>
    <RENCONTRE DOMICILE="Sochaux" EXTERIEUR="Strasbourg" SCORED="3" SCOREE="0"/>
    <RENCONTRE DOMICILE="Toulouse" EXTERIEUR="Metz" SCORED="1" SCOREE="0"/>
    </JOURNEE>
    <JOURNEE NUMERO="8" DATE="27/09/2003">
    <RENCONTRE DOMICILE="Bastia" EXTERIEUR="Sochaux" SCORED="2" SCOREE="0"/>
    <RENCONTRE DOMICILE="Bordeaux" EXTERIEUR="Ajaccio" SCORED="1" SCOREE="0"/>
    <RENCONTRE DOMICILE="Lille" EXTERIEUR="Montpellier" SCORED="1" SCOREE="1"/>
    <RENCONTRE DOMICILE="Lyon" EXTERIEUR="Lens" SCORED="4" SCOREE="0"/>
    <RENCONTRE DOMICILE="Marseille" EXTERIEUR="Nice" SCORED="2" SCOREE="1"/>
    <RENCONTRE DOMICILE="Metz" EXTERIEUR="Guingamp" SCORED="1" SCOREE="1"/>
    <RENCONTRE DOMICILE="Monaco" EXTERIEUR="Toulouse" SCORED="3" SCOREE="0"/>
    <RENCONTRE DOMICILE="ParisSG" EXTERIEUR="Auxerre" SCORED="1" SCOREE="0"/>
    <RENCONTRE DOMICILE="Rennes" EXTERIEUR="LeMans" SCORED="2" SCOREE="0"/>
    <RENCONTRE DOMICILE="Strasbourg" EXTERIEUR="Nantes" SCORED="1" SCOREE="0"/>
    </JOURNEE>
    <JOURNEE NUMERO="9" DATE="04/10/2003">
    <RENCONTRE DOMICILE="Ajaccio" EXTERIEUR="Lyon" SCORED="2" SCOREE="4"/>
    <RENCONTRE DOMICILE="Auxerre" EXTERIEUR="Lille" SCORED="1" SCOREE="0"/>
    <RENCONTRE DOMICILE="Guingamp" EXTERIEUR="Monaco" SCORED="1" SCOREE="2"/>
    <RENCONTRE DOMICILE="LeMans" EXTERIEUR="Bordeaux" SCORED="0" SCOREE="0"/>
    <RENCONTRE DOMICILE="Lens" EXTERIEUR="Metz" SCORED="0" SCOREE="2"/>
    <RENCONTRE DOMICILE="Marseille" EXTERIEUR="Bastia" SCORED="3" SCOREE="1"/>
    <RENCONTRE DOMICILE="Nantes" EXTERIEUR="Rennes" SCORED="1" SCOREE="0"/>
    <RENCONTRE DOMICILE="Nice" EXTERIEUR="Strasbourg" SCORED="0" SCOREE="0"/>
    <RENCONTRE DOMICILE="Sochaux" EXTERIEUR="ParisSG" SCORED="0" SCOREE="1"/>
    <RENCONTRE DOMICILE="Toulouse" EXTERIEUR="Montpellier" SCORED="2" SCOREE="2"/>
    </JOURNEE>
    <JOURNEE NUMERO="10" DATE="18/10/2003">
    <RENCONTRE DOMICILE="Bastia" EXTERIEUR="Lens" SCORED="3" SCOREE="1"/>
    <RENCONTRE DOMICILE="Bordeaux" EXTERIEUR="Toulouse" SCORED="1" SCOREE="2"/>
    <RENCONTRE DOMICILE="Lille" EXTERIEUR="Ajaccio" SCORED="0" SCOREE="0"/>
    <RENCONTRE DOMICILE="Lyon" EXTERIEUR="Sochaux" SCORED="1" SCOREE="1"/>
    <RENCONTRE DOMICILE="Metz" EXTERIEUR="Nantes" SCORED="1" SCOREE="3"/>
    <RENCONTRE DOMICILE="Monaco" EXTERIEUR="Auxerre" SCORED="1" SCOREE="1"/>
    <RENCONTRE DOMICILE="Montpellier" EXTERIEUR="Guingamp" SCORED="2" SCOREE="0"/>
    <RENCONTRE DOMICILE="ParisSG" EXTERIEUR="LeMans" SCORED="5" SCOREE="1"/>
    <RENCONTRE DOMICILE="Rennes" EXTERIEUR="Nice" SCORED="0" SCOREE="0"/>
    <RENCONTRE DOMICILE="Strasbourg" EXTERIEUR="Marseille" SCORED="4" SCOREE="1"/>
    </JOURNEE>
    <JOURNEE NUMERO="11" DATE="25/10/2003">
    <RENCONTRE DOMICILE="Ajaccio" EXTERIEUR="ParisSG" SCORED="0" SCOREE="0"/>
    <RENCONTRE DOMICILE="Auxerre" EXTERIEUR="Montpellier" SCORED="0" SCOREE="1"/>
    <RENCONTRE DOMICILE="Guingamp" EXTERIEUR="Toulouse" SCORED="1" SCOREE="0"/>
    <RENCONTRE DOMICILE="LeMans" EXTERIEUR="Bastia" SCORED="1" SCOREE="1"/>
    <RENCONTRE DOMICILE="Lens" EXTERIEUR="Lille" SCORED="2" SCOREE="1"/>
    <RENCONTRE DOMICILE="Marseille" EXTERIEUR="Rennes" SCORED="2" SCOREE="0"/>
    <RENCONTRE DOMICILE="Nantes" EXTERIEUR="Lyon" SCORED="0" SCOREE="1"/>
    <RENCONTRE DOMICILE="Nice" EXTERIEUR="Bordeaux" SCORED="0" SCOREE="0"/>
    <RENCONTRE DOMICILE="Sochaux" EXTERIEUR="Monaco" SCORED="1" SCOREE="1"/>
    <RENCONTRE DOMICILE="Strasbourg" EXTERIEUR="Metz" SCORED="0" SCOREE="2"/>
    </JOURNEE>
    <JOURNEE NUMERO="12" DATE="01/11/2003">
    <RENCONTRE DOMICILE="Bastia" EXTERIEUR="Ajaccio" SCORED="1" SCOREE="1"/>
    <RENCONTRE DOMICILE="Bordeaux" EXTERIEUR="Marseille" SCORED="1" SCOREE="0"/>
    <RENCONTRE DOMICILE="Lille" EXTERIEUR="Guingamp" SCORED="1" SCOREE="3"/>
    <RENCONTRE DOMICILE="Lyon" EXTERIEUR="Nice" SCORED="5" SCOREE="0"/>
    <RENCONTRE DOMICILE="Metz" EXTERIEUR="Sochaux" SCORED="0" SCOREE="1"/>
    <RENCONTRE DOMICILE="Monaco" EXTERIEUR="LeMans" SCORED="4" SCOREE="2"/>
    <RENCONTRE DOMICILE="Montpellier" EXTERIEUR="Nantes" SCORED="4" SCOREE="1"/>
    <RENCONTRE DOMICILE="ParisSG" EXTERIEUR="Lens" SCORED="0" SCOREE="1"/>
    <RENCONTRE DOMICILE="Rennes" EXTERIEUR="Strasbourg" SCORED="1" SCOREE="1"/>
    <RENCONTRE DOMICILE="Toulouse" EXTERIEUR="Auxerre" SCORED="0" SCOREE="3"/>
    </JOURNEE>
    <JOURNEE NUMERO="13" DATE="08/11/2003">
    <RENCONTRE DOMICILE="Ajaccio" EXTERIEUR="Monaco" SCORED="0" SCOREE="1"/>
    <RENCONTRE DOMICILE="Auxerre" EXTERIEUR="Guingamp" SCORED="2" SCOREE="0"/>
    <RENCONTRE DOMICILE="LeMans" EXTERIEUR="Metz" SCORED="2" SCOREE="0"/>
    <RENCONTRE DOMICILE="Lens" EXTERIEUR="Montpellier" SCORED="3" SCOREE="2"/>
    <RENCONTRE DOMICILE="Marseille" EXTERIEUR="Lyon" SCORED="1" SCOREE="4"/>
    <RENCONTRE DOMICILE="Nantes" EXTERIEUR="ParisSG" SCORED="0" SCOREE="1"/>
    <RENCONTRE DOMICILE="Nice" EXTERIEUR="Bastia" SCORED="2" SCOREE="0"/>
    <RENCONTRE DOMICILE="Rennes" EXTERIEUR="Lille" SCORED="2" SCOREE="2"/>
    <RENCONTRE DOMICILE="Sochaux" EXTERIEUR="Toulouse" SCORED="3" SCOREE="1"/>
    <RENCONTRE DOMICILE="Strasbourg" EXTERIEUR="Bordeaux" SCORED="1" SCOREE="1"/>
    </JOURNEE>
    <JOURNEE NUMERO="14" DATE="22/11/2003">
    <RENCONTRE DOMICILE="Bastia" EXTERIEUR="Nantes" SCORED="1" SCOREE="3"/>
    <RENCONTRE DOMICILE="Bordeaux" EXTERIEUR="Rennes" SCORED="2" SCOREE="1"/>
    <RENCONTRE DOMICILE="Guingamp" EXTERIEUR="Sochaux" SCORED="1" SCOREE="2"/>
    <RENCONTRE DOMICILE="Lille" EXTERIEUR="Marseille" SCORED="0" SCOREE="2"/>
    <RENCONTRE DOMICILE="Lyon" EXTERIEUR="Strasbourg" SCORED="1" SCOREE="0"/>
    <RENCONTRE DOMICILE="Metz" EXTERIEUR="Auxerre" SCORED="0" SCOREE="2"/>
    <RENCONTRE DOMICILE="Monaco" EXTERIEUR="Lens" SCORED="2" SCOREE="0"/>
    <RENCONTRE DOMICILE="Montpellier" EXTERIEUR="Ajaccio" SCORED="3" SCOREE="1"/>
    <RENCONTRE DOMICILE="ParisSG" EXTERIEUR="Nice" SCORED="0" SCOREE="0"/>
    <RENCONTRE DOMICILE="Toulouse" EXTERIEUR="LeMans" SCORED="1" SCOREE="1"/>
    </JOURNEE>
    <JOURNEE NUMERO="15" DATE="29/11/2003">
    <RENCONTRE DOMICILE="Ajaccio" EXTERIEUR="Toulouse" SCORED="0" SCOREE="0"/>
    <RENCONTRE DOMICILE="Bordeaux" EXTERIEUR="Bastia" SCORED="1" SCOREE="1"/>
    <RENCONTRE DOMICILE="LeMans" EXTERIEUR="Montpellier" SCORED="4" SCOREE="0"/>
    <RENCONTRE DOMICILE="Lens" EXTERIEUR="Guingamp" SCORED="2" SCOREE="1"/>
    <RENCONTRE DOMICILE="Marseille" EXTERIEUR="ParisSG" SCORED="0" SCOREE="1"/>
    <RENCONTRE DOMICILE="Nantes" EXTERIEUR="Monaco" SCORED="0" SCOREE="1"/>
    <RENCONTRE DOMICILE="Nice" EXTERIEUR="Metz" SCORED="1" SCOREE="1"/>
    <RENCONTRE DOMICILE="Rennes" EXTERIEUR="Lyon" SCORED="3" SCOREE="1"/>
    <RENCONTRE DOMICILE="Sochaux" EXTERIEUR="Auxerre" SCORED="2" SCOREE="1"/>
    <RENCONTRE DOMICILE="Strasbourg" EXTERIEUR="Lille" SCORED="2" SCOREE="2"/>
    </JOURNEE>
    <JOURNEE NUMERO="16" DATE="03/12/2003">
    <RENCONTRE DOMICILE="Auxerre" EXTERIEUR="LeMans" SCORED="1" SCOREE="0"/>
    <RENCONTRE DOMICILE="Bastia" EXTERIEUR="Rennes" SCORED="3" SCOREE="2"/>
    <RENCONTRE DOMICILE="Guingamp" EXTERIEUR="Ajaccio" SCORED="2" SCOREE="0"/>
    <RENCONTRE DOMICILE="Lille" EXTERIEUR="Nantes" SCORED="2" SCOREE="0"/>
    <RENCONTRE DOMICILE="Lyon" EXTERIEUR="Bordeaux" SCORED="3" SCOREE="0"/>
    <RENCONTRE DOMICILE="Metz" EXTERIEUR="Marseille" SCORED="1" SCOREE="1"/>
    <RENCONTRE DOMICILE="Monaco" EXTERIEUR="Nice" SCORED="1" SCOREE="1"/>
    <RENCONTRE DOMICILE="Montpellier" EXTERIEUR="Sochaux" SCORED="1" SCOREE="3"/>
    <RENCONTRE DOMICILE="ParisSG" EXTERIEUR="Strasbourg" SCORED="3" SCOREE="2"/>
    <RENCONTRE DOMICILE="Toulouse" EXTERIEUR="Lens" SCORED="1" SCOREE="2"/>
    </JOURNEE>
    <JOURNEE NUMERO="17" DATE="06/12/2003">
    <RENCONTRE DOMICILE="Ajaccio" EXTERIEUR="Auxerre" SCORED="1" SCOREE="2"/>
    <RENCONTRE DOMICILE="Bordeaux" EXTERIEUR="Lille" SCORED="2" SCOREE="1"/>
    <RENCONTRE DOMICILE="LeMans" EXTERIEUR="Guingamp" SCORED="2" SCOREE="0"/>
    <RENCONTRE DOMICILE="Lens" EXTERIEUR="Sochaux" SCORED="0" SCOREE="3"/>
    <RENCONTRE DOMICILE="Lyon" EXTERIEUR="Metz" SCORED="2" SCOREE="1"/>
    <RENCONTRE DOMICILE="Marseille" EXTERIEUR="Monaco" SCORED="1" SCOREE="2"/>
    <RENCONTRE DOMICILE="Nantes" EXTERIEUR="Toulouse" SCORED="1" SCOREE="1"/>
    <RENCONTRE DOMICILE="Nice" EXTERIEUR="Montpellier" SCORED="2" SCOREE="1"/>
    <RENCONTRE DOMICILE="Rennes" EXTERIEUR="ParisSG" SCORED="1" SCOREE="1"/>
    <RENCONTRE DOMICILE="Strasbourg" EXTERIEUR="Bastia" SCORED="4" SCOREE="2"/>
    </JOURNEE>
    <JOURNEE NUMERO="18" DATE="13/12/2003">
    <RENCONTRE DOMICILE="Auxerre" EXTERIEUR="Lens" SCORED="2" SCOREE="0"/>
    <RENCONTRE DOMICILE="Bastia" EXTERIEUR="Lyon" SCORED="0" SCOREE="0"/>
    <RENCONTRE DOMICILE="Guingamp" EXTERIEUR="Nantes" SCORED="1" SCOREE="1"/>
    <RENCONTRE DOMICILE="Lille" EXTERIEUR="LeMans" SCORED="1" SCOREE="1"/>
    <RENCONTRE DOMICILE="Metz" EXTERIEUR="Rennes" SCORED="1" SCOREE="1"/>
    <RENCONTRE DOMICILE="Monaco" EXTERIEUR="Strasbourg" SCORED="2" SCOREE="0"/>
    <RENCONTRE DOMICILE="Montpellier" EXTERIEUR="Marseille" SCORED="0" SCOREE="1"/>
    <RENCONTRE DOMICILE="ParisSG" EXTERIEUR="Bordeaux" SCORED="2" SCOREE="1"/>
    <RENCONTRE DOMICILE="Sochaux" EXTERIEUR="Ajaccio" SCORED="2" SCOREE="0"/>
    <RENCONTRE DOMICILE="Toulouse" EXTERIEUR="Nice" SCORED="1" SCOREE="1"/>
    </JOURNEE>
    <JOURNEE NUMERO="19" DATE="20/12/2003">
    <RENCONTRE DOMICILE="Ajaccio" EXTERIEUR="Lens" SCORED="2" SCOREE="0"/>
    <RENCONTRE DOMICILE="Bastia" EXTERIEUR="Lille" SCORED="0" SCOREE="2"/>
    <RENCONTRE DOMICILE="Bordeaux" EXTERIEUR="Metz" SCORED="2" SCOREE="0"/>
    <RENCONTRE DOMICILE="LeMans" EXTERIEUR="Sochaux" SCORED="2" SCOREE="2"/>
    <RENCONTRE DOMICILE="Lyon" EXTERIEUR="ParisSG" SCORED="1" SCOREE="1"/>
    <RENCONTRE DOMICILE="Marseille" EXTERIEUR="Toulouse" SCORED="1" SCOREE="0"/>
    <RENCONTRE DOMICILE="Nantes" EXTERIEUR="Auxerre" SCORED="5" SCOREE="0"/>
    <RENCONTRE DOMICILE="Nice" EXTERIEUR="Guingamp" SCORED="2" SCOREE="0"/>
    <RENCONTRE DOMICILE="Rennes" EXTERIEUR="Monaco" SCORED="1" SCOREE="0"/>
    <RENCONTRE DOMICILE="Strasbourg" EXTERIEUR="Montpellier" SCORED="4" SCOREE="2"/>
    </JOURNEE>
    <JOURNEE NUMERO="20" DATE="10/01/2004">
    <RENCONTRE DOMICILE="Ajaccio" EXTERIEUR="LeMans" SCORED="2" SCOREE="0"/>
    <RENCONTRE DOMICILE="Auxerre" EXTERIEUR="Marseille" SCORED="2" SCOREE="0"/>
    <RENCONTRE DOMICILE="Guingamp" EXTERIEUR="Strasbourg" SCORED="3" SCOREE="2"/>
    <RENCONTRE DOMICILE="Lens" EXTERIEUR="Nantes" SCORED="0" SCOREE="0"/>
    <RENCONTRE DOMICILE="Metz" EXTERIEUR="Bastia" SCORED="1" SCOREE="0"/>
    <RENCONTRE DOMICILE="Monaco" EXTERIEUR="Lyon" SCORED="3" SCOREE="0"/>
    <RENCONTRE DOMICILE="Montpellier" EXTERIEUR="Bordeaux" SCORED="1" SCOREE="2"/>
    <RENCONTRE DOMICILE="ParisSG" EXTERIEUR="Lille" SCORED="1" SCOREE="0"/>
    <RENCONTRE DOMICILE="Sochaux" EXTERIEUR="Nice" SCORED="0" SCOREE="0"/>
    <RENCONTRE DOMICILE="Toulouse" EXTERIEUR="Rennes" SCORED="2" SCOREE="0"/>
    </JOURNEE>
    <JOURNEE NUMERO="21" DATE="17/01/2004">
    <RENCONTRE DOMICILE="Bastia" EXTERIEUR="Monaco" SCORED="0" SCOREE="0"/>
    <RENCONTRE DOMICILE="Bordeaux" EXTERIEUR="Guingamp" SCORED="2" SCOREE="0"/>
    <RENCONTRE DOMICILE="Lille" EXTERIEUR="Toulouse" SCORED="0" SCOREE="1"/>
    <RENCONTRE DOMICILE="Lyon" EXTERIEUR="Montpellier" SCORED="3" SCOREE="0"/>
    <RENCONTRE DOMICILE="Marseille" EXTERIEUR="Lens" SCORED="3" SCOREE="2"/>
    <RENCONTRE DOMICILE="Nantes" EXTERIEUR="Ajaccio" SCORED="4" SCOREE="0"/>
    <RENCONTRE DOMICILE="Nice" EXTERIEUR="LeMans" SCORED="0" SCOREE="1"/>
    <RENCONTRE DOMICILE="ParisSG" EXTERIEUR="Metz" SCORED="0" SCOREE="0"/>
    <RENCONTRE DOMICILE="Rennes" EXTERIEUR="Sochaux" SCORED="4" SCOREE="0"/>
    <RENCONTRE DOMICILE="Strasbourg" EXTERIEUR="Auxerre" SCORED="0" SCOREE="2"/>
    </JOURNEE>
    <JOURNEE NUMERO="22" DATE="31/01/2004">
    <RENCONTRE DOMICILE="Ajaccio" EXTERIEUR="Nice" SCORED="1" SCOREE="1"/>
    <RENCONTRE DOMICILE="Auxerre" EXTERIEUR="Bordeaux" SCORED="5" SCOREE="0"/>
    <RENCONTRE DOMICILE="Guingamp" EXTERIEUR="Rennes" SCORED="0" SCOREE="2"/>
    <RENCONTRE DOMICILE="LeMans" EXTERIEUR="Nantes" SCORED="0" SCOREE="1"/>
    <RENCONTRE DOMICILE="Lens" EXTERIEUR="Strasbourg" SCORED="2" SCOREE="1"/>
    <RENCONTRE DOMICILE="Metz" EXTERIEUR="Lille" SCORED="0" SCOREE="1"/>
    <RENCONTRE DOMICILE="Monaco" EXTERIEUR="ParisSG" SCORED="1" SCOREE="1"/>
    <RENCONTRE DOMICILE="Montpellier" EXTERIEUR="Bastia" SCORED="1" SCOREE="1"/>
    <RENCONTRE DOMICILE="Sochaux" EXTERIEUR="Marseille" SCORED="2" SCOREE="1"/>
    <RENCONTRE DOMICILE="Toulouse" EXTERIEUR="Lyon" SCORED="0" SCOREE="1"/>
    </JOURNEE>
    <JOURNEE NUMERO="23" DATE="07/02/2004">
    <RENCONTRE DOMICILE="Bastia" EXTERIEUR="Toulouse" SCORED="1" SCOREE="0"/>
    <RENCONTRE DOMICILE="Bordeaux" EXTERIEUR="Nantes" SCORED="2" SCOREE="0"/>
    <RENCONTRE DOMICILE="Lille" EXTERIEUR="Sochaux" SCORED="2" SCOREE="0"/>
    <RENCONTRE DOMICILE="Lyon" EXTERIEUR="Guingamp" SCORED="0" SCOREE="1"/>
    <RENCONTRE DOMICILE="Marseille" EXTERIEUR="Ajaccio" SCORED="2" SCOREE="1"/>
    <RENCONTRE DOMICILE="Metz" EXTERIEUR="Monaco" SCORED="0" SCOREE="2"/>
    <RENCONTRE DOMICILE="Nice" EXTERIEUR="Lens" SCORED="4" SCOREE="0"/>
    <RENCONTRE DOMICILE="ParisSG" EXTERIEUR="Montpellier" SCORED="6" SCOREE="1"/>
    <RENCONTRE DOMICILE="Rennes" EXTERIEUR="Auxerre" SCORED="0" SCOREE="2"/>
    <RENCONTRE DOMICILE="Strasbourg" EXTERIEUR="LeMans" SCORED="3" SCOREE="0"/>
    </JOURNEE>
    <JOURNEE NUMERO="24" DATE="14/02/2004">
    <RENCONTRE DOMICILE="Ajaccio" EXTERIEUR="Strasbourg" SCORED="0" SCOREE="0"/>
    <RENCONTRE DOMICILE="Auxerre" EXTERIEUR="Lyon" SCORED="1" SCOREE="5"/>
    <RENCONTRE DOMICILE="Guingamp" EXTERIEUR="Bastia" SCORED="1" SCOREE="0"/>
    <RENCONTRE DOMICILE="LeMans" EXTERIEUR="Marseille" SCORED="0" SCOREE="0"/>
    <RENCONTRE DOMICILE="Lens" EXTERIEUR="Rennes" SCORED="2" SCOREE="1"/>
    <RENCONTRE DOMICILE="Monaco" EXTERIEUR="Lille" SCORED="0" SCOREE="1"/>
    <RENCONTRE DOMICILE="Montpellier" EXTERIEUR="Metz" SCORED="0" SCOREE="1"/>
    <RENCONTRE DOMICILE="Nantes" EXTERIEUR="Nice" SCORED="3" SCOREE="1"/>
    <RENCONTRE DOMICILE="Sochaux" EXTERIEUR="Bordeaux" SCORED="1" SCOREE="1"/>
    <RENCONTRE DOMICILE="Toulouse" EXTERIEUR="ParisSG" SCORED="0" SCOREE="1"/>
    </JOURNEE>
    <JOURNEE NUMERO="25" DATE="21/02/2004">
    <RENCONTRE DOMICILE="Bastia" EXTERIEUR="Auxerre" SCORED="0" SCOREE="0"/>
    <RENCONTRE DOMICILE="Bordeaux" EXTERIEUR="Lens" SCORED="0" SCOREE="0"/>
    <RENCONTRE DOMICILE="Lille" EXTERIEUR="Nice" SCORED="1" SCOREE="2"/>
    <RENCONTRE DOMICILE="Lyon" EXTERIEUR="LeMans" SCORED="2" SCOREE="0"/>
    <RENCONTRE DOMICILE="Marseille" EXTERIEUR="Nantes" SCORED="1" SCOREE="1"/>
    <RENCONTRE DOMICILE="Metz" EXTERIEUR="Toulouse" SCORED="0" SCOREE="2"/>
    <RENCONTRE DOMICILE="Monaco" EXTERIEUR="Montpellier" SCORED="4" SCOREE="0"/>
    <RENCONTRE DOMICILE="ParisSG" EXTERIEUR="Guingamp" SCORED="2" SCOREE="0"/>
    <RENCONTRE DOMICILE="Rennes" EXTERIEUR="Ajaccio" SCORED="4" SCOREE="1"/>
    <RENCONTRE DOMICILE="Strasbourg" EXTERIEUR="Sochaux" SCORED="0" SCOREE="2"/>
    </JOURNEE>
    <JOURNEE NUMERO="26" DATE="28/02/2004">
    <RENCONTRE DOMICILE="Ajaccio" EXTERIEUR="Bordeaux" SCORED="1" SCOREE="0"/>
    <RENCONTRE DOMICILE="Auxerre" EXTERIEUR="ParisSG" SCORED="1" SCOREE="1"/>
    <RENCONTRE DOMICILE="Guingamp" EXTERIEUR="Metz" SCORED="1" SCOREE="1"/>
    <RENCONTRE DOMICILE="LeMans" EXTERIEUR="Rennes" SCORED="2" SCOREE="2"/>
    <RENCONTRE DOMICILE="Lens" EXTERIEUR="Lyon" SCORED="1" SCOREE="1"/>
    <RENCONTRE DOMICILE="Montpellier" EXTERIEUR="Lille" SCORED="0" SCOREE="2"/>
    <RENCONTRE DOMICILE="Nantes" EXTERIEUR="Strasbourg" SCORED="1" SCOREE="1"/>
    <RENCONTRE DOMICILE="Nice" EXTERIEUR="Marseille" SCORED="0" SCOREE="0"/>
    <RENCONTRE DOMICILE="Sochaux" EXTERIEUR="Bastia" SCORED="2" SCOREE="1"/>
    <RENCONTRE DOMICILE="Toulouse" EXTERIEUR="Monaco" SCORED="1" SCOREE="1"/>
    </JOURNEE>
    <JOURNEE NUMERO="27" DATE="06/03/2004">
    <RENCONTRE DOMICILE="Bastia" EXTERIEUR="Marseille" SCORED="4" SCOREE="1"/>
    <RENCONTRE DOMICILE="Bordeaux" EXTERIEUR="LeMans" SCORED="2" SCOREE="0"/>
    <RENCONTRE DOMICILE="Lille" EXTERIEUR="Auxerre" SCORED="2" SCOREE="0"/>
    <RENCONTRE DOMICILE="Lyon" EXTERIEUR="Ajaccio" SCORED="4" SCOREE="0"/>
    <RENCONTRE DOMICILE="Metz" EXTERIEUR="Lens" SCORED="0" SCOREE="2"/>
    <RENCONTRE DOMICILE="Monaco" EXTERIEUR="Guingamp" SCORED="3" SCOREE="1"/>
    <RENCONTRE DOMICILE="Montpellier" EXTERIEUR="Toulouse" SCORED="0" SCOREE="1"/>
    <RENCONTRE DOMICILE="ParisSG" EXTERIEUR="Sochaux" SCORED="1" SCOREE="1"/>
    <RENCONTRE DOMICILE="Rennes" EXTERIEUR="Nantes" SCORED="0" SCOREE="3"/>
    <RENCONTRE DOMICILE="Strasbourg" EXTERIEUR="Nice" SCORED="2" SCOREE="2"/>
    </JOURNEE>
    <JOURNEE NUMERO="28" DATE="13/03/2004">
    <RENCONTRE DOMICILE="Ajaccio" EXTERIEUR="Lille" SCORED="0" SCOREE="3"/>
    <RENCONTRE DOMICILE="Auxerre" EXTERIEUR="Monaco" SCORED="0" SCOREE="0"/>
    <RENCONTRE DOMICILE="Guingamp" EXTERIEUR="Montpellier" SCORED="4" SCOREE="3"/>
    <RENCONTRE DOMICILE="LeMans" EXTERIEUR="ParisSG" SCORED="0" SCOREE="1"/>
    <RENCONTRE DOMICILE="Lens" EXTERIEUR="Bastia" SCORED="0" SCOREE="0"/>
    <RENCONTRE DOMICILE="Marseille" EXTERIEUR="Strasbourg" SCORED="4" SCOREE="0"/>
    <RENCONTRE DOMICILE="Nantes" EXTERIEUR="Metz" SCORED="2" SCOREE="2"/>
    <RENCONTRE DOMICILE="Nice" EXTERIEUR="Rennes" SCORED="3" SCOREE="1"/>
    <RENCONTRE DOMICILE="Sochaux" EXTERIEUR="Lyon" SCORED="1" SCOREE="2"/>
    <RENCONTRE DOMICILE="Toulouse" EXTERIEUR="Bordeaux" SCORED="1" SCOREE="0"/>
    </JOURNEE>
    <JOURNEE NUMERO="29" DATE="20/03/2004">
    <RENCONTRE DOMICILE="Bastia" EXTERIEUR="LeMans" SCORED="0" SCOREE="0"/>
    <RENCONTRE DOMICILE="Bordeaux" EXTERIEUR="Nice" SCORED="1" SCOREE="1"/>
    <RENCONTRE DOMICILE="Lille" EXTERIEUR="Lens" SCORED="1" SCOREE="1"/>
    <RENCONTRE DOMICILE="Lyon" EXTERIEUR="Nantes" SCORED="1" SCOREE="0"/>
    <RENCONTRE DOMICILE="Metz" EXTERIEUR="Strasbourg" SCORED="1" SCOREE="0"/>
    <RENCONTRE DOMICILE="Monaco" EXTERIEUR="Sochaux" SCORED="1" SCOREE="1"/>
    <RENCONTRE DOMICILE="Montpellier" EXTERIEUR="Auxerre" SCORED="1" SCOREE="0"/>
    <RENCONTRE DOMICILE="ParisSG" EXTERIEUR="Ajaccio" SCORED="1" SCOREE="0"/>
    <RENCONTRE DOMICILE="Rennes" EXTERIEUR="Marseille" SCORED="4" SCOREE="3"/>
    <RENCONTRE DOMICILE="Toulouse" EXTERIEUR="Guingamp" SCORED="0" SCOREE="0"/>
    </JOURNEE>
    <JOURNEE NUMERO="30" DATE="27/03/2004">
    <RENCONTRE DOMICILE="Ajaccio" EXTERIEUR="Bastia" SCORED="1" SCOREE="0"/>
    <RENCONTRE DOMICILE="Auxerre" EXTERIEUR="Toulouse" SCORED="3" SCOREE="2"/>
    <RENCONTRE DOMICILE="Guingamp" EXTERIEUR="Lille" SCORED="2" SCOREE="1"/>
    <RENCONTRE DOMICILE="LeMans" EXTERIEUR="Monaco" SCORED="0" SCOREE="1"/>
    <RENCONTRE DOMICILE="Lens" EXTERIEUR="ParisSG" SCORED="1" SCOREE="0"/>
    <RENCONTRE DOMICILE="Marseille" EXTERIEUR="Bordeaux" SCORED="1" SCOREE="1"/>
    <RENCONTRE DOMICILE="Nantes" EXTERIEUR="Montpellier" SCORED="3" SCOREE="2"/>
    <RENCONTRE DOMICILE="Nice" EXTERIEUR="Lyon" SCORED="0" SCOREE="1"/>
    <RENCONTRE DOMICILE="Sochaux" EXTERIEUR="Metz" SCORED="2" SCOREE="0"/>
    <RENCONTRE DOMICILE="Strasbourg" EXTERIEUR="Rennes" SCORED="0" SCOREE="3"/>
    </JOURNEE>
    <JOURNEE NUMERO="31" DATE="03/04/2004">
    <RENCONTRE DOMICILE="Bastia" EXTERIEUR="Nice" SCORED="2" SCOREE="1"/>
    <RENCONTRE DOMICILE="Bordeaux" EXTERIEUR="Strasbourg" SCORED="1" SCOREE="1"/>
    <RENCONTRE DOMICILE="Guingamp" EXTERIEUR="Auxerre" SCORED="2" SCOREE="2"/>
    <RENCONTRE DOMICILE="Lille" EXTERIEUR="Rennes" SCORED="1" SCOREE="0"/>
    <RENCONTRE DOMICILE="Lyon" EXTERIEUR="Marseille" SCORED="1" SCOREE="2"/>
    <RENCONTRE DOMICILE="Metz" EXTERIEUR="LeMans" SCORED="5" SCOREE="0"/>
    <RENCONTRE DOMICILE="Monaco" EXTERIEUR="Ajaccio" SCORED="3" SCOREE="3"/>
    <RENCONTRE DOMICILE="Montpellier" EXTERIEUR="Lens" SCORED="1" SCOREE="0"/>
    <RENCONTRE DOMICILE="ParisSG" EXTERIEUR="Nantes" SCORED="3" SCOREE="2"/>
    <RENCONTRE DOMICILE="Toulouse" EXTERIEUR="Sochaux" SCORED="0" SCOREE="0"/>
    </JOURNEE>
    <JOURNEE NUMERO="32" DATE="10/04/2004">
    <RENCONTRE DOMICILE="Ajaccio" EXTERIEUR="Montpellier" SCORED="0" SCOREE="0"/>
    <RENCONTRE DOMICILE="Auxerre" EXTERIEUR="Metz" SCORED="2" SCOREE="1"/>
    <RENCONTRE DOMICILE="LeMans" EXTERIEUR="Toulouse" SCORED="2" SCOREE="1"/>
    <RENCONTRE DOMICILE="Lens" EXTERIEUR="Monaco" SCORED="0" SCOREE="0"/>
    <RENCONTRE DOMICILE="Marseille" EXTERIEUR="Lille" SCORED="2" SCOREE="1"/>
    <RENCONTRE DOMICILE="Nantes" EXTERIEUR="Bastia" SCORED="1" SCOREE="1"/>
    <RENCONTRE DOMICILE="Nice" EXTERIEUR="ParisSG" SCORED="1" SCOREE="2"/>
    <RENCONTRE DOMICILE="Rennes" EXTERIEUR="Bordeaux" SCORED="3" SCOREE="1"/>
    <RENCONTRE DOMICILE="Sochaux" EXTERIEUR="Guingamp" SCORED="2" SCOREE="0"/>
    <RENCONTRE DOMICILE="Strasbourg" EXTERIEUR="Lyon" SCORED="0" SCOREE="1"/>
    </JOURNEE>
    <JOURNEE NUMERO="33" DATE="24/04/2004">
    <RENCONTRE DOMICILE="Auxerre" EXTERIEUR="Sochaux" SCORED="2" SCOREE="1"/>
    <RENCONTRE DOMICILE="Bastia" EXTERIEUR="Bordeaux" SCORED="0" SCOREE="2"/>
    <RENCONTRE DOMICILE="Guingamp" EXTERIEUR="Lens" SCORED="1" SCOREE="0"/>
    <RENCONTRE DOMICILE="Lille" EXTERIEUR="Strasbourg" SCORED="0" SCOREE="1"/>
    <RENCONTRE DOMICILE="Lyon" EXTERIEUR="Rennes" SCORED="3" SCOREE="0"/>
    <RENCONTRE DOMICILE="Metz" EXTERIEUR="Nice" SCORED="1" SCOREE="0"/>
    <RENCONTRE DOMICILE="Monaco" EXTERIEUR="Nantes" SCORED="0" SCOREE="1"/>
    <RENCONTRE DOMICILE="Montpellier" EXTERIEUR="LeMans" SCORED="0" SCOREE="3"/>
    <RENCONTRE DOMICILE="ParisSG" EXTERIEUR="Marseille" SCORED="2" SCOREE="1"/>
    <RENCONTRE DOMICILE="Toulouse" EXTERIEUR="Ajaccio" SCORED="3" SCOREE="1"/>
    </JOURNEE>
    <JOURNEE NUMERO="34" DATE="01/05/2004">
    <RENCONTRE DOMICILE="Ajaccio" EXTERIEUR="Guingamp" SCORED="0" SCOREE="0"/>
    <RENCONTRE DOMICILE="Bordeaux" EXTERIEUR="Lyon" SCORED="1" SCOREE="1"/>
    <RENCONTRE DOMICILE="LeMans" EXTERIEUR="Auxerre" SCORED="2" SCOREE="1"/>
    <RENCONTRE DOMICILE="Lens" EXTERIEUR="Toulouse" SCORED="1" SCOREE="1"/>
    <RENCONTRE DOMICILE="Marseille" EXTERIEUR="Metz" SCORED="0" SCOREE="1"/>
    <RENCONTRE DOMICILE="Nantes" EXTERIEUR="Lille" SCORED="2" SCOREE="0"/>
    <RENCONTRE DOMICILE="Nice" EXTERIEUR="Monaco" SCORED="1" SCOREE="2"/>
    <RENCONTRE DOMICILE="Rennes" EXTERIEUR="Bastia" SCORED="4" SCOREE="0"/>
    <RENCONTRE DOMICILE="Sochaux" EXTERIEUR="Montpellier" SCORED="3" SCOREE="1"/>
    <RENCONTRE DOMICILE="Strasbourg" EXTERIEUR="ParisSG" SCORED="0" SCOREE="0"/>
    </JOURNEE>
    <JOURNEE NUMERO="35" DATE="08/05/2004">
    <RENCONTRE DOMICILE="Auxerre" EXTERIEUR="Ajaccio" SCORED="1" SCOREE="1"/>
    <RENCONTRE DOMICILE="Bastia" EXTERIEUR="Strasbourg" SCORED="0" SCOREE="0"/>
    <RENCONTRE DOMICILE="Guingamp" EXTERIEUR="LeMans" SCORED="2" SCOREE="4"/>
    <RENCONTRE DOMICILE="Lille" EXTERIEUR="Bordeaux" SCORED="2" SCOREE="1"/>
    <RENCONTRE DOMICILE="Metz" EXTERIEUR="Lyon" SCORED="1" SCOREE="2"/>
    <RENCONTRE DOMICILE="Monaco" EXTERIEUR="Marseille" SCORED="1" SCOREE="0"/>
    <RENCONTRE DOMICILE="Montpellier" EXTERIEUR="Nice" SCORED="2" SCOREE="2"/>
    <RENCONTRE DOMICILE="ParisSG" EXTERIEUR="Rennes" SCORED="1" SCOREE="0"/>
    <RENCONTRE DOMICILE="Sochaux" EXTERIEUR="Lens" SCORED="0" SCOREE="3"/>
    <RENCONTRE DOMICILE="Toulouse" EXTERIEUR="Nantes" SCORED="0" SCOREE="1"/>
    </JOURNEE>
    <JOURNEE NUMERO="36" DATE="12/05/2004">
    <RENCONTRE DOMICILE="Ajaccio" EXTERIEUR="Sochaux" SCORED="1" SCOREE="0"/>
    <RENCONTRE DOMICILE="Bordeaux" EXTERIEUR="ParisSG" SCORED="3" SCOREE="0"/>
    <RENCONTRE DOMICILE="LeMans" EXTERIEUR="Lille" SCORED="1" SCOREE="1"/>
    <RENCONTRE DOMICILE="Lens" EXTERIEUR="Auxerre" SCORED="1" SCOREE="3"/>
    <RENCONTRE DOMICILE="Lyon" EXTERIEUR="Bastia" SCORED="1" SCOREE="0"/>
    <RENCONTRE DOMICILE="Marseille" EXTERIEUR="Montpellier" SCORED="1" SCOREE="1"/>
    <RENCONTRE DOMICILE="Nantes" EXTERIEUR="Guingamp" SCORED="0" SCOREE="0"/>
    <RENCONTRE DOMICILE="Nice" EXTERIEUR="Toulouse" SCORED="1" SCOREE="1"/>
    <RENCONTRE DOMICILE="Rennes" EXTERIEUR="Metz" SCORED="0" SCOREE="0"/>
    <RENCONTRE DOMICILE="Strasbourg" EXTERIEUR="Monaco" SCORED="0" SCOREE="0"/>
    </JOURNEE>
    <JOURNEE NUMERO="37" DATE="15/05/2004">
    <RENCONTRE DOMICILE="Auxerre" EXTERIEUR="Nantes" SCORED="2" SCOREE="0"/>
    <RENCONTRE DOMICILE="Guingamp" EXTERIEUR="Nice" SCORED="1" SCOREE="2"/>
    <RENCONTRE DOMICILE="Lens" EXTERIEUR="Ajaccio" SCORED="2" SCOREE="0"/>
    <RENCONTRE DOMICILE="Lille" EXTERIEUR="Bastia" SCORED="2" SCOREE="0"/>
    <RENCONTRE DOMICILE="Metz" EXTERIEUR="Bordeaux" SCORED="3" SCOREE="1"/>
    <RENCONTRE DOMICILE="Monaco" EXTERIEUR="Rennes" SCORED="1" SCOREE="4"/>
    <RENCONTRE DOMICILE="Montpellier" EXTERIEUR="Strasbourg" SCORED="1" SCOREE="2"/>
    <RENCONTRE DOMICILE="ParisSG" EXTERIEUR="Lyon" SCORED="1" SCOREE="0"/>
    <RENCONTRE DOMICILE="Sochaux" EXTERIEUR="LeMans" SCORED="3" SCOREE="0"/>
    <RENCONTRE DOMICILE="Toulouse" EXTERIEUR="Marseille" SCORED="2" SCOREE="1"/>
    </JOURNEE>
    </CHAMPIONNAT>