<?xml version="1.0" encoding="UTF-8" standalone="no"?>
<CLASSEMENTS>
    <EQUIPE BUTS_CONTRE="26" BUTS_POUR="64" CLASSEMENT="1" DIFF="38" GAGNES="23" MATCHS_JOUES="37" NOM="Lyon" NULS="7" PERDUS="7" POINTS="76"/>
    <EQUIPE BUTS_CONTRE="28" BUTS_POUR="49" CLASSEMENT="2" DIFF="21" GAGNES="21" MATCHS_JOUES="37" NOM="ParisSG" NULS="10" PERDUS="6" POINTS="73"/>
    <EQUIPE BUTS_CONTRE="29" BUTS_POUR="56" CLASSEMENT="3" DIFF="27" GAGNES="20" MATCHS_JOUES="37" NOM="Monaco" NULS="12" PERDUS="5" POINTS="72"/>
    <EQUIPE BUTS_CONTRE="38" BUTS_POUR="52" CLASSEMENT="4" DIFF="14" GAGNES="18" MATCHS_JOUES="37" NOM="Auxerre" NULS="9" PERDUS="10" POINTS="63"/>
    <EQUIPE BUTS_CONTRE="38" BUTS_POUR="52" CLASSEMENT="5" DIFF="14" GAGNES="18" MATCHS_JOUES="37" NOM="Sochaux" NULS="9" PERDUS="10" POINTS="63"/>
    <EQUIPE BUTS_CONTRE="34" BUTS_POUR="48" CLASSEMENT="6" DIFF="14" GAGNES="16" MATCHS_JOUES="37" NOM="Nantes" NULS="9" PERDUS="12" POINTS="57"/>
    <EQUIPE BUTS_CONTRE="45" BUTS_POUR="34" CLASSEMENT="7" DIFF="-11" GAGNES="15" MATCHS_JOUES="37" NOM="Lens" NULS="8" PERDUS="14" POINTS="53"/>
    <EQUIPE BUTS_CONTRE="44" BUTS_POUR="48" CLASSEMENT="8" DIFF="4" GAGNES="15" MATCHS_JOUES="37" NOM="Marseille" NULS="7" PERDUS="15" POINTS="52"/>
    <EQUIPE BUTS_CONTRE="36" BUTS_POUR="42" CLASSEMENT="9" DIFF="6" GAGNES="14" MATCHS_JOUES="37" NOM="Lille" NULS="9" PERDUS="14" POINTS="51"/>
    <EQUIPE BUTS_CONTRE="40" BUTS_POUR="38" CLASSEMENT="10" DIFF="-2" GAGNES="13" MATCHS_JOUES="37" NOM="Bordeaux" NULS="11" PERDUS="13" POINTS="50"/>
    <EQUIPE BUTS_CONTRE="44" BUTS_POUR="52" CLASSEMENT="11" DIFF="8" GAGNES="13" MATCHS_JOUES="37" NOM="Rennes" NULS="10" PERDUS="14" POINTS="49"/>
    <EQUIPE BUTS_CONTRE="38" BUTS_POUR="41" CLASSEMENT="12" DIFF="3" GAGNES="11" MATCHS_JOUES="37" NOM="Nice" NULS="16" PERDUS="10" POINTS="49"/>
    <EQUIPE BUTS_CONTRE="49" BUTS_POUR="43" CLASSEMENT="13" DIFF="-6" GAGNES="10" MATCHS_JOUES="37" NOM="Strasbourg" NULS="13" PERDUS="14" POINTS="43"/>
    <EQUIPE BUTS_CONTRE="39" BUTS_POUR="33" CLASSEMENT="14" DIFF="-6" GAGNES="11" MATCHS_JOUES="37" NOM="Metz" NULS="9" PERDUS="17" POINTS="42"/>
    <EQUIPE BUTS_CONTRE="42" BUTS_POUR="30" CLASSEMENT="15" DIFF="-12" GAGNES="9" MATCHS_JOUES="37" NOM="Toulouse" NULS="12" PERDUS="16" POINTS="39"/>
    <EQUIPE BUTS_CONTRE="46" BUTS_POUR="33" CLASSEMENT="16" DIFF="-13" GAGNES="9" MATCHS_JOUES="37" NOM="Bastia" NULS="12" PERDUS="16" POINTS="39"/>
    <EQUIPE BUTS_CONTRE="55" BUTS_POUR="35" CLASSEMENT="17" DIFF="-20" GAGNES="10" MATCHS_JOUES="37" NOM="Guingamp" NULS="8" PERDUS="19" POINTS="38"/>
    <EQUIPE BUTS_CONTRE="53" BUTS_POUR="28" CLASSEMENT="18" DIFF="-25" GAGNES="8" MATCHS_JOUES="37" NOM="Ajaccio" NULS="11" PERDUS="18" POINTS="35"/>
    <EQUIPE BUTS_CONTRE="57" BUTS_POUR="32" CLASSEMENT="19" DIFF="-25" GAGNES="8" MATCHS_JOUES="37" NOM="LeMans" NULS="11" PERDUS="18" POINTS="35"/>
    <EQUIPE BUTS_CONTRE="70" BUTS_POUR="41" CLASSEMENT="20" DIFF="-29" GAGNES="8" MATCHS_JOUES="37" NOM="Montpellier" NULS="7" PERDUS="22" POINTS="31"/>
</CLASSEMENTS>
