<?xml version="1.0" encoding="UTF-8" standalone="no"?><Employes><Employe><Mat>E05</Mat><Nom>Kadri</Nom><Prenom>Amina</Prenom><Date_N>23-11-1995</Date_N><Service Grade="Technician">Service3</Service></Employe><Employe><Mat>E04</Mat><Nom>Abelmalk</Nom><Prenom>Hakima</Prenom><Date_N>18-10-1977</Date_N><Service Grade="Technician">Service3</Service></Employe><Employe><Mat>E01</Mat><Nom>Nouar</Nom><Prenom>Mohamed</Prenom><Date_N>08-04-1975</Date_N><Service Grade="Ingenieur">Service1</Service></Employe><Employe><Mat>E02</Mat><Nom>Benali</Nom><Prenom>Mostapha</Prenom><Date_N>06-07-1965</Date_N><Service Grade="Admin">Service2</Service></Employe><Employe><Mat>E06</Mat><Nom>Safi</Nom><Prenom>Mostapha</Prenom><Date_N>23-12-1966</Date_N><Service Grade="Agent">S4</Service></Employe><Employe><Mat>E03</Mat><Nom>Drissi</Nom><Prenom>Oussama</Prenom><Date_N>21-09-1956</Date_N><Service Grade="Admin">Service2</Service></Employe><Employe><Mat>E07</Mat><Nom>Nadji</Nom><Prenom>Youssef</Prenom><Date_N>31-12-1985</Date_N><Service Grade="Agent">S4</Service></Employe></Employes>